repo_name;pr_number;title;body;language;created_at;closed_at;merged_at;state;merged;review_count;files_changed;additions;deletions;comments;review_comments;time_to_close_hours;participant_count
freeCodeCamp/freeCodeCamp;59382;chore(tools): Ignore white space in challenge id testing;"Checklist:

<!-- Please follow this checklist and put an x in each of the boxes, like this: [x]. It will ensure that our team takes your pull request seriously. -->

- [X] I have read and followed the [contribution guidelines](https://contribute.freecodecamp.org).
- [X] I have read and followed...";;2025-03-21T16:35:18+00:00;2025-03-21T18:11:42+00:00;2025-03-21T18:11:42+00:00;closed;True;2;1;4;2;0;1;1.606666666666667;3
sindresorhus/awesome;3341;Add missing period for consistency in the Code-of-Conduct.md section;"Added a missing period at the end of the attribution sentence in the Code-of-Conduct.md section to maintain consistency with the rest of the document. Proper punctuation at the end of a sentence ensures readability and adheres to standard English writing conventions.

<!-- Congrats on creating an ...";;2025-01-23T07:41:57+00:00;2025-01-23T08:49:34+00:00;;closed;False;2;1;1;1;1;0;1.1269444444444443;3
ohmyzsh/ohmyzsh;13021;fix(rand-qoute): Fix url for plugin (now uses strict https);"## Standards checklist:

<!-- Fill with an x the ones that apply. Example: [x] -->

- [x] The PR title is descriptive.
- [x] The PR doesn't replicate another PR which is already open.
- [x] I have read the contribution guide and followed all the instructions.
- [x] The code follows the code s...";;2025-03-19T11:33:46+00:00;2025-03-20T10:22:13+00:00;2025-03-20T10:22:13+00:00;closed;True;1;1;1;1;0;0;22.8075;2
Significant-Gravitas/AutoGPT;9672;[Snyk] Security upgrade next from 14.2.23 to 14.2.25;"![snyk-top-banner](https://redirect.github.com/andygongea/OWASP-Benchmark/assets/818805/c518c423-16fe-447e-b67f-ad5a49b5d123)

### Snyk has created this PR to fix 1 vulnerabilities in the yarn dependencies of this project.

#### Snyk changed the following file(s):

- `autogpt_platform/frontend/packa...";;2025-03-22T08:59:08+00:00;2025-03-23T23:48:24+00:00;2025-03-23T23:48:24+00:00;closed;True;1;2;63;63;5;0;38.82111111111111;6
flutter/flutter;165770;Roll Skia from d6f07ec0bc1a to cee5257a48a2 (1 revision);"
https://skia.googlesource.com/skia.git/+log/d6f07ec0bc1a..cee5257a48a2

2025-03-24 skia-autoroll@skia-public.iam.gserviceaccount.com Roll vulkan-deps from 9bd06de7d345 to 5ad52bb056fe (1 revision)

If this roll has caused a breakage, revert this CL and stop the roller
using the controls here:
https...";;2025-03-24T00:49:18+00:00;2025-03-24T02:48:04+00:00;2025-03-24T02:48:04+00:00;closed;True;1;1;1;1;2;0;1.9794444444444443;3
microsoft/vscode;244405;Ensure internal Ids are in sync for new cells inseretd by user;"<!-- Thank you for submitting a Pull Request. Please:
* Read our Pull Request guidelines:
  https://github.com/microsoft/vscode/wiki/How-to-Contribute#pull-requests
* Associate an issue with the Pull Request.
* Ensure that the code is up-to-date with the `main` branch.
* Include a description of the...";;2025-03-24T01:21:27+00:00;2025-03-24T04:27:23+00:00;2025-03-24T04:27:23+00:00;closed;True;2;2;63;15;0;0;3.098888888888889;2
airbnb/javascript;3102;Update base.js;Modify packages/eslint-config-airbnb/base.js to include the new rule.;;2025-03-05T16:04:00+00:00;2025-03-05T18:14:53+00:00;;closed;False;1;1;5;2;0;0;2.181388888888889;2
huggingface/transformers;36882;Gemma 3 tests expect greedy decoding;"# What does this PR do?

Slow tests in gemma 3 expect greedy decoding. Recently hub config has changed https://huggingface.co/google/gemma-3-4b-pt/commit/2166bd1fba050eab3ed4fdd0b591ad1e11c96802 so it is preferred to enforce greedy decoding.";;2025-03-21T10:21:37+00:00;2025-03-21T11:36:39+00:00;2025-03-21T11:36:39+00:00;closed;True;1;1;6;1;2;0;1.2505555555555556;4
avelino/awesome-go;5638;Bump golang.org/x/net from 0.33.0 to 0.36.0;"Bumps [golang.org/x/net](https://github.com/golang/net) from 0.33.0 to 0.36.0.
<details>
<summary>Commits</summary>
<ul>
<li><a href=""https://github.com/golang/net/commit/85d1d54551b68719346cb9fec24b911da4e452a1""><code>85d1d54</code></a> go.mod: update golang.org/x dependencies</li>
<li><a href=""htt...";;2025-03-13T01:38:58+00:00;2025-03-14T02:31:42+00:00;2025-03-14T02:31:41+00:00;closed;True;1;2;13;12;1;0;24.878888888888888;3
ollama/ollama;9931;ollama: fix file descriptor management in Pull;"Close chunked writers as soon as downloads complete, rather than deferring closure until Pull exits. This prevents exhausting file descriptors when pulling many layers.

Instead of unbounded defers, use a WaitGroup and background goroutine to close each chunked writer as soon as its downloads fini...";;2025-03-21T21:39:57+00:00;2025-03-21T23:16:38+00:00;2025-03-21T23:16:38+00:00;closed;True;1;1;31;25;0;0;1.611388888888889;2
vercel/next.js;77442;Turbopack: Add --turbopack for next start;"Adds `--turbopack` for `next start` to match `next dev --turbopack` and `next build --turbopack`. This is required to boot Turbopack builds while webpack is still the default because there's some environment variable differences.

Initially wanted to automatically detect Turbopack builds but the pro...";;2025-03-23T19:25:13+00:00;2025-03-24T00:20:52+00:00;2025-03-24T00:20:52+00:00;closed;True;1;3;11;7;3;0;4.9275;3
Chalarangelo/30-seconds-of-code;2100;Update README.md;SPAM! SPAM! SPAM!;;2025-02-08T07:50:56+00:00;2025-02-08T09:56:53+00:00;;closed;False;1;1;1;1;0;1;2.099166666666666;2
microsoft/PowerToys;38079;[installer] Fix packages removal for per-user installer;"<!-- Enter a brief description/summary of your PR here. What does it fix/what does it change/how was it tested (even manually, if necessary)? -->
## Summary of the Pull Request

<!-- Please review the items on the PR checklist before submitting-->
## PR Checklist

- [ ] **Closes:** #xxx
- [ ]...";;2025-03-21T10:44:23+00:00;2025-03-21T14:45:46+00:00;2025-03-21T14:45:46+00:00;closed;True;1;1;1;1;0;0;4.023055555555556;2
electron/electron;46205;refactor: remove unused field `ServiceWorkerMain::weak_factory_`;"Backport of #46171

See that PR for details.


Notes: none.";;2025-03-23T09:15:04+00:00;2025-03-23T15:26:24+00:00;2025-03-23T15:26:24+00:00;closed;True;1;1;0;3;1;0;6.188888888888889;3
kubernetes/kubernetes;130998;Use established pattern for kubelet metrics url;"Fix for the the following error:
https://storage.googleapis.com/k8s-triage/index.html?text=container_metrics_test.go%3A119&xtext=container_spec_memory_swap_limit_bytes

from the logs:
```
[FAILED] Timed out after 60.001s.
The function passed to Eventually returned the following error:
    <*u...";;2025-03-22T11:45:21+00:00;2025-03-23T03:34:32+00:00;2025-03-23T03:34:32+00:00;closed;True;1;1;2;1;8;0;15.819722222222222;3
nodejs/node;57579;doc: remove cryptoStream API reference;This was removed in https://github.com/nodejs/node/pull/22033;;2025-03-21T14:41:46+00:00;2025-03-23T14:51:41+00:00;2025-03-23T14:51:41+00:00;closed;True;3;2;1;25;3;0;48.165277777777774;6
langchain-ai/langchain;30447;APIpie.ai community provider initial integration;"- [X] **PR title**: ""langvhain-ai/community: Adding APIpie Super Aggregator and advanced AI services""
 
- [X] **PR message**: Integrate APIpie with Langchain
    - **Description:** Added APIpie community chat module along with a unit test module and a providers md doc.
    - **Issue:** Adds APIp...";;2025-03-23T16:19:44+00:00;2025-03-23T18:07:08+00:00;;closed;False;1;5;1308;0;1;0;1.79;3
microsoft/TypeScript;61452;Fix errors on type assertions in erasableSyntaxOnly;Brings in fixes/simplifications mentioned in https://github.com/microsoft/TypeScript/pull/61244#discussion_r2004348678 and https://github.com/microsoft/TypeScript/pull/61320#discussion_r2004343942.;;2025-03-19T21:56:05+00:00;2025-03-19T23:25:22+00:00;2025-03-19T23:25:22+00:00;closed;True;1;6;87;2;4;0;1.4880555555555557;3
denoland/deno;28586;fix(npm): reduce occurrences of duplicate packages due to peer dep resolution;"* https://github.com/denoland/deno_npm/pull/87

Closes #26626";;2025-03-21T19:33:07+00:00;2025-03-21T21:12:29+00:00;2025-03-21T21:12:29+00:00;closed;True;1;2;8;8;0;0;1.656111111111111;2
rust-lang/rust;138861;Tweak type flags, fix missing flags from coroutine kind ty;Firstly, make sure we visit the coroutine kind ty. Since this kind ty is either infer (before upvar computation), or `()` or `i8`/`i16`/`i32`, this isn't really that big of a deal, since other types in the coroutine will also be infer, so we're not misreporting `ty.has_infer()` or anything, but it's...;;2025-03-23T16:47:39+00:00;2025-03-24T00:07:55+00:00;2025-03-24T00:07:55+00:00;closed;True;3;3;24;85;2;2;7.337777777777778;3
goldbergyoni/nodebestpractices;1273;Fix typos;Fix typos;;2023-09-03T20:51:29+00:00;2023-09-10T06:40:59+00:00;2023-09-10T06:40:59+00:00;closed;True;1;1;7;7;4;0;153.825;4
microsoft/terminal;18707;Delay-load icu so that we don't fail to start up on Windows <1903;"Originally, I intended to switch to icuuc/icuin.dll to make it work on Windows 1703 as well... but it turns out that the 22621 or 26100 SDKs redirect those back to icu.dll. That's a poor decision on their part, as it means that developers can't use the old compatibility names.

VS supports Windows...";;2025-03-20T22:58:02+00:00;2025-03-21T00:57:07+00:00;2025-03-21T00:57:07+00:00;closed;True;1;2;2;1;1;0;1.9847222222222225;2
angular/angular;60523;Revert a2f622d to fix the 19.2.x branch ;"This reverts commit a2f622d82d6c0f93a5fdf34fc8e5829db04c7380.
";;2025-03-23T17:58:06+00:00;2025-03-24T06:58:51+00:00;;closed;False;1;2;0;15;1;0;13.0125;2
godotengine/godot;104475;Fix 3D view menu gizmo icons being broken in empty scene;"<!--
Please target the `master` branch in priority.

Relevant fixes are cherry-picked for stable branches as needed by maintainers.

To speed up the contribution process and avoid CI errors, please set up pre-commit hooks locally:
https://docs.godotengine.org/en/latest/contributing/development...";;2025-03-22T07:05:22+00:00;2025-03-24T00:09:10+00:00;2025-03-24T00:09:10+00:00;closed;True;1;2;9;12;4;0;41.06333333333333;3
excalidraw/excalidraw;9288;fix: 'Rotate' spell error;"Fix spell error 'Roate' -> 'Rotate'.
Tiny change. :)
❤️";;2025-03-21T02:25:46+00:00;2025-03-22T09:06:24+00:00;2025-03-22T09:06:24+00:00;closed;True;1;1;2;2;1;0;30.677222222222223;3
mui/material-ui;45658;Bump next to 14.2.25 [SECURITY];"This PR contains the following updates:

| Package | Change | Age | Adoption | Passing | Confidence |
|---|---|---|---|---|---|
| [next](https://nextjs.org) ([source](https://redirect.github.com/vercel/next.js)) | [`14.2.21` -> `14.2.25`](https://renovatebot.com/diffs/npm/next/14.2.21/14.2.25) | [![...";;2025-03-23T06:05:49+00:00;2025-03-23T07:30:33+00:00;2025-03-23T07:30:33+00:00;closed;True;1;2;2;2;1;0;1.4122222222222225;3
ant-design/ant-design;53268;chore: sync feature into next;"
### 🤔 This is a ...

- [x] 🔀 Branch merge


### 🔗 Related Issues

> - Describe the source of related requirements, such as links to relevant issue discussions.
> - For example: close #xxxx, fix #xxxx

### 💡 Background and Solution

> - The specific problem to be addressed.
> - List th...";;2025-03-24T04:21:25+00:00;2025-03-24T05:46:55+00:00;2025-03-24T05:46:55+00:00;closed;True;4;55;1089;463;11;3;1.425;10
ripienaar/free-for-dev;3675;Update README.md;"<!--
 ### Free SaaS Offering Submission

 Thank you for contributing to this list. This list is for **SaaS**
 services that offer a **free tier** to help developers evaluate and
 build something that users can later use and get support for.

 The focus of this list is quite broad but we try t...";;2025-03-17T08:12:37+00:00;2025-03-18T01:41:51+00:00;;closed;False;1;1;1;0;1;1;17.487222222222222;2
iptv-org/iptv;20823;remove 195.189.60.33 links;https://github.com/iptv-org/iptv/issues/20813;;2025-03-22T14:17:05+00:00;2025-03-22T23:29:01+00:00;2025-03-22T23:29:01+00:00;closed;True;2;1;0;222;0;0;9.198888888888888;3
nvbn/thefuck;1432;Fix typos in README.md;;;2024-01-25T08:37:08+00:00;2024-01-25T19:52:35+00:00;2024-01-25T19:52:35+00:00;closed;True;1;1;13;13;1;0;11.2575;2
puppeteer/puppeteer;13700;chore(deps): Bump node from `f6b9c31` to `c7fd844` in /docker in the all group;"Bumps the all group in /docker with 1 update: node.

Updates `node` from `f6b9c31` to `c7fd844`

<details>
<summary>Most Recent Ignore Conditions Applied to This Pull Request</summary>

| Dependency Name | Ignore Conditions |
| --- | --- |
| node | [>= 23.a, < 24] |
</details>


[![Dependabot compat...";;2025-03-23T04:39:46+00:00;2025-03-24T09:28:11+00:00;2025-03-24T09:28:11+00:00;closed;True;1;1;1;1;0;0;28.806944444444444;2
pytorch/pytorch;149844;Update slow tests;"This PR is auto-generated weekly by [this action](https://github.com/pytorch/pytorch/blob/main/.github/workflows/weekly.yml).
Update the list of slow tests.";;2025-03-24T07:40:28+00:00;2025-03-24T12:12:59+00:00;;closed;False;1;1;303;289;3;0;4.541944444444445;4
tailwindlabs/tailwindcss;17337;🚨 [security] Update all of nextjs 15.2.1 → 15.2.3 (patch);"

<hr>

🚨 <b>Your current dependencies have known security vulnerabilities</b> 🚨

This dependency update fixes known security vulnerabilities. Please see the details below and assess their impact carefully. We recommend to merge and deploy this as soon as possible!
<hr>



Here is everything you nee...";;2025-03-22T21:43:06+00:00;2025-03-24T10:26:05+00:00;2025-03-24T10:26:05+00:00;closed;True;1;3;62;67;2;0;36.716388888888886;2
storybookjs/storybook;30903;Build: Add spy mocking rules for Vitest tests;"Closes N/A

<!-- If your PR is related to an issue, provide the number(s) above; if it resolves multiple issues, be sure to break them up (e.g. ""closes #1000, closes #1001""). -->

<!--

Thank you for contributing to Storybook! Please submit all PRs to the `next` branch unless they are specific...";;2025-03-24T09:52:24+00:00;2025-03-24T11:34:12+00:00;2025-03-24T11:34:12+00:00;closed;True;1;1;43;0;2;1;1.6966666666666668;4
microsoft/Web-Dev-For-Beginners;1372;docs: announce gen ai javascript;"# Description

- Changing text to announce Gen aI for JavaScript
- Adding images to make it extra compelling

Fixes # (issue)

## Type of change

- [ ] Bug fix (non-breaking change which fixes an issue)
- [ ] New feature (non-breaking change which adds functionality)
- [ ] Breaking change...";;2025-03-07T16:29:46+00:00;2025-03-10T20:27:28+00:00;2025-03-10T20:27:28+00:00;closed;True;17;3;21;6;0;14;75.96166666666667;4
langgenius/dify;16630;fix: fix inner API workspace Account.query error.;"# Summary

Fix inner API workspace Account.query error.


# Screenshots

| Before | After |
|--------|-------|
| ![6a9189f6437c487ca28909efbf737ee](https://github.com/user-attachments/assets/8c5a3912-943c-4ab2-aedf-29518def5b7f)    | fixed   |

# Checklist

> [!IMPORTANT]  
> Please re...";;2025-03-24T08:39:47+00:00;2025-03-24T09:52:50+00:00;2025-03-24T09:52:50+00:00;closed;True;1;1;2;1;0;0;1.2175;2
shadcn-ui/ui;6965;fix: allow silent mode with npm on React 19;This change honors the silent flag by setting `--force` if `--silent` is on and components are being added to a React 19 project using `npm`. ;;2025-03-18T22:20:21+00:00;2025-03-20T09:02:18+00:00;2025-03-20T09:02:18+00:00;closed;True;3;2;26;17;2;2;34.69916666666666;4
nvm-sh/nvm;3532;[spam];;;2025-02-24T00:57:50+00:00;2025-02-24T18:54:41+00:00;;closed;False;1;1;28;0;0;0;17.9475;2
django/django;19299;Updated ogrinfo output in GIS tutorial.;"#### Trac ticket number
N/A

#### Branch description
This commit updates only the output of the `ogrinfo` command in the GIS tutorial. Since the paragraph explaining parts of the output is still valid, no additional updates were made to this section of the tutorial.

#### Checklist
- [x] This...";;2025-03-22T21:42:45+00:00;2025-03-23T20:36:16+00:00;2025-03-23T20:36:16+00:00;closed;True;1;1;18;6;0;0;22.891944444444444;2
iluwatar/java-design-patterns;3215;Add Service Stub Pattern using Sentiment Analysis example;"This PR introduces the Service Stub Pattern, demonstrated through a Sentiment Analysis example.

- Adds SentimentAnalysisServer interface.
- Implements RealSentimentAnalysisServer, simulating random sentiment results with delay.
- Implements StubSentimentAnalysisServer, providing predictable, in...";;2025-03-22T21:10:31+00:00;2025-03-23T05:37:35+00:00;2025-03-23T05:37:35+00:00;closed;True;4;10;377;0;4;0;8.45111111111111;5
tauri-apps/tauri;13062;chore(deps): update dependency rollup to v4.37.0 (dev);"This PR contains the following updates:

| Package | Change | Age | Adoption | Passing | Confidence |
|---|---|---|---|---|---|
| [rollup](https://rollupjs.org/) ([source](https://redirect.github.com/rollup/rollup)) | [`4.36.0` -> `4.37.0`](https://renovatebot.com/diffs/npm/rollup/4.36.0/4.37.0) | [...";;2025-03-23T18:26:00+00:00;2025-03-24T13:14:03+00:00;2025-03-24T13:14:02+00:00;closed;True;1;2;101;92;1;0;18.800833333333333;3
bitcoin/bitcoin;32115;Rust tool to import bip39 mnemonic;"Since we're probably not going to support bip39 mnemonics in the wallet itself, but it's an often requested feature, this PR provides a simple Rust utility to import one.

This puts the utility in `share` so it's included in releases. Alternatively we could make a separate repo akin to HWI. Or per...";;2025-03-21T16:47:00+00:00;2025-03-24T10:22:49+00:00;;closed;False;6;4;382;0;5;6;65.59694444444445;6
fastapi/fastapi;13527;📝 Add External Link: Taiwanese talk on FastAPI with observability ;In this talk, I introduced how to instrument observability in a FastAPI application and demonstrated how to use logs, metrics, and traces to analyze the application using Grafana.;;2025-03-23T05:23:35+00:00;2025-03-24T11:12:43+00:00;2025-03-24T11:12:43+00:00;closed;True;1;1;5;0;2;0;29.81888888888889;3
ChatGPTNextWeb/NextChat;6375;Personal;"#### 💻 变更类型 | Change Type

<!-- For change type, change [ ] to [x]. -->

- [ ] feat    <!-- 引入新功能 | Introduce new features -->
- [ ] fix    <!-- 修复 Bug | Fix a bug -->
- [ ] refactor    <!-- 重构代码（既不修复 Bug 也不添加新功能） | Refactor code that neither fixes a bug nor adds a feature -->
- [ ] perf    <...";;2025-03-16T06:04:18+00:00;2025-03-16T16:30:34+00:00;;closed;False;1;1;2;1;2;1;10.437777777777775;3
sveltejs/svelte;15587;Version Packages;This PR was opened by the [Changesets release](https://github.com/changesets/action) GitHub action. When you're ready to do a release, you can merge this and the packages will be published to npm automatically. If you're not ready to do a release yet, that's fine, whenever you add more changesets to...;;2025-03-22T00:58:55+00:00;2025-03-23T13:59:21+00:00;2025-03-23T13:59:21+00:00;closed;True;1;4;8;7;1;0;37.00722222222223;3
opencv/opencv;27133;minor changes : Replace ndarray.ptp() with np.ptp() for NumPy 2.0 Compatibility;"Fixes : #27131

### Pull Request Readiness Checklist

See details at https://github.com/opencv/opencv/wiki/How_to_contribute#making-a-good-pull-request

- [x] I agree to contribute to the project under Apache 2 License.
- [x] To the best of my knowledge, the proposed patch is not based on a c...";;2025-03-23T18:14:30+00:00;2025-03-24T07:11:44+00:00;2025-03-24T07:11:44+00:00;closed;True;1;2;2;2;0;0;12.953888888888889;2
gin-gonic/gin;4193;fix(binding): prevent duplicate decoding and add validation in decodeToml;"```go
// binding/toml.go:29
func decodeToml(r io.Reader, obj any) error {
	decoder := toml.NewDecoder(r)
	if err := decoder.Decode(obj); err != nil {
		return err
	}
	return decoder.Decode(obj)
}
```
- Removed the redundant second call to `decoder.Decode(obj)` which caused incorrect behavi...";;2025-03-20T09:53:23+00:00;2025-03-20T15:35:49+00:00;2025-03-20T15:35:49+00:00;closed;True;1;1;1;1;1;0;5.707222222222223;3
supabase/supabase;34355;feat: more fixes for UI library;;;2025-03-23T11:31:32+00:00;2025-03-24T13:24:59+00:00;2025-03-24T13:24:59+00:00;closed;True;1;53;1871;459;2;0;25.890833333333333;4
tensorflow/models;13537;Fix typo;Fix typo in comment.;;2025-02-21T17:48:39+00:00;2025-03-10T17:24:09+00:00;2025-03-10T17:24:09+00:00;closed;True;1;1;1;1;0;0;407.5916666666666;2
home-assistant/core;141302;Let device response determine state in Qbus;"<!--
  You are amazing! Thanks for contributing to our project!
  Please, DO NOT DELETE ANY TEXT from this template! (unless instructed).
-->

## Proposed change
<!--
  Describe the big picture of your changes here to communicate to the
  maintainers why we should accept this pull request. I...";;2025-03-24T16:19:31+00:00;2025-03-24T19:26:02+00:00;2025-03-24T19:26:02+00:00;closed;True;1;2;5;20;1;0;3.108611111111111;3
mermaid-js/mermaid;6386;Move requirements containment arrow to edge start;"## :bookmark_tabs: Summary

This moves the containment arrowhead (`⨁`) to the start of the edge. It also slightly tweaks the geometry to avoid clipping.

Resolves #6380

## :straight_ruler: Design Decisions

The [example](https://mermaid.js.org/syntax/requirementDiagram.html#larger-example) ...";;2025-03-17T20:34:31+00:00;2025-03-24T01:13:54+00:00;2025-03-24T01:13:54+00:00;closed;True;1;2;7;6;8;0;148.6563888888889;7
oven-sh/bun;18400;Fix  `BUN-DAR`;"### What does this PR do?

We can't use an unstable sorting algorithm on an array that potentially has duplicate values

### How did you verify your code works?

<!-- **For code changes, please include automated tests**. Feel free to uncomment the line below -->

<!-- I wrote automated tests...";;2025-03-22T10:13:39+00:00;2025-03-22T21:37:19+00:00;2025-03-22T21:37:19+00:00;closed;True;1;1;3;3;1;0;11.394444444444444;3
netdata/netdata;19954;Fix claiming on startup;"##### Summary
- Fix heap-buffer-overflow when processing rooms during claiming on startup
";;2025-03-24T12:41:30+00:00;2025-03-24T17:19:57+00:00;2025-03-24T17:19:57+00:00;closed;True;1;1;7;3;0;0;4.640833333333333;2
nomic-ai/gpt4all;3511;chat: cut v3.10.0 release;"Blocked on:
- ~~#3506~~
- ~~#3512~~
- ~~#3514~~";;2025-02-24T19:35:10+00:00;2025-02-24T22:15:34+00:00;2025-02-24T22:15:34+00:00;closed;True;1;2;5;5;0;0;2.6733333333333333;2
anuraghazra/github-readme-stats;4186;ci(deps): bump actions/setup-node from 4.2.0 to 4.3.0;"Bumps [actions/setup-node](https://github.com/actions/setup-node) from 4.2.0 to 4.3.0.
<details>
<summary>Release notes</summary>
<p><em>Sourced from <a href=""https://github.com/actions/setup-node/releases"">actions/setup-node's releases</a>.</em></p>
<blockquote>
<h2>v4.3.0</h2>
<h2>What's Changed</...";;2025-03-17T18:59:03+00:00;2025-03-18T19:04:01+00:00;2025-03-18T19:04:01+00:00;closed;True;1;6;6;6;1;0;24.08277777777778;3
vitejs/vite;19708;refactor(reporter): only call modulesReporter when logLevel is info;"### Description

Only add `transform` / `buildStart` / `buildEnd` hook when needed, so that these functions are not called at all when not needed. 

This makes the build faster when using rolldown-vite with `logLevel: 'warn'` or `logLevel: 'error'` (actually there's a new option in rolldown-vite...";;2025-03-24T10:55:46+00:00;2025-03-24T13:47:14+00:00;2025-03-24T13:47:14+00:00;closed;True;1;1;49;47;0;0;2.8577777777777778;2
microsoft/playwright;35320;test: enable route.continue cookie tests in firefox;"The problem was fixed by https://github.com/microsoft/playwright-browsers/pull/1558

Fixes: https://github.com/microsoft/playwright/issues/35154";;2025-03-21T17:34:03+00:00;2025-03-21T18:35:06+00:00;2025-03-21T18:35:06+00:00;closed;True;2;3;2;3;3;0;1.0175;3
hoppscotch/hoppscotch;4911;fix(common): normalize headers before final relay;"This PR fixes header duplication and non-normalization issues that prevent certain flows including OAuth on stricter servers.

| Before | After |
| ------ | ------|
| ![image](https://github.com/user-attachments/assets/6113f576-b0c2-490d-82e7-f54134907482) | ![image](https://github.com/user-atta...";;2025-03-19T07:51:57+00:00;2025-03-19T10:17:42+00:00;2025-03-19T10:17:42+00:00;closed;True;3;10;113;79;0;0;2.4291666666666667;3
coder/code-server;7263;Update Code to 1.98.2;Ping @code-asher;;2025-03-13T18:47:24+00:00;2025-03-14T18:58:50+00:00;2025-03-14T18:58:50+00:00;closed;True;1;1;1;1;1;0;24.190555555555555;2
n8n-io/n8n;14118;fix(n8n Form Trigger Node): Fix docs link (no-changelog);"Issue number 14085 solved. 
fixes https://github.com/n8n-io/n8n/issues/14085
If someone check this fix, please, give me somebody`s contact, who can answer on my questions. I can`t find this information :(
";;2025-03-23T21:06:03+00:00;2025-03-24T10:29:36+00:00;2025-03-24T10:29:36+00:00;closed;True;1;1;1;1;4;0;13.3925;6
moby/moby;49698;vendor: github.com/moby/buildkit v0.20.2;;;2025-03-24T20:54:15+00:00;2025-03-25T00:30:06+00:00;2025-03-25T00:30:06+00:00;closed;True;1;3;4;4;0;0;3.5975;2
syncthing/syncthing;9980;refactor(api): make shutdown timeout configurable for tests;"This is extracted from [PR #9175][1], which adds some tests that seem to need a longer shutdown timeout when running on GitHub Actions. The problem manifests in errors like this in `TestWebauthnConfigChanges`:

```
2024-05-05T17:00:45.0503602Z     api_test.go:2919: TestWebauthnConfigChanges/Can_e...";;2025-03-02T20:51:31+00:00;2025-03-07T11:50:34+00:00;2025-03-07T11:50:34+00:00;closed;True;1;2;11;1;1;0;110.98416666666668;2
redis/redis;13875;avoid possible use-after-free with module KSN changes;in #13505, we changed the code to use the string value of the key rather than the integer value on the stack, but we have a test in unit/moduleapi/keyspace_events that uses keyspace notification hook to modify the value with RM_StringDMA, which can cause this value to be released before used. the re...;;2025-03-24T07:43:11+00:00;2025-03-24T10:24:52+00:00;2025-03-24T10:24:52+00:00;closed;True;1;2;5;1;1;0;2.694722222222222;2
swiftlang/swift;80238;Fix a compilation error with LLVM 21;"This fixes a `copy constructor must pass its first argument by reference` compilation error when compiled with a recent enough Clang (after https://github.com/llvm/llvm-project/commit/fe0d3e3764961b62f43f1b129f30aaec5f30bc16, targeted for LLVM 21 release).

```
swift/stdlib/public/runtime/Generic...";;2025-03-24T10:48:22+00:00;2025-03-24T18:54:51+00:00;2025-03-24T18:54:51+00:00;closed;True;2;1;1;1;2;0;8.108055555555556;4
d2l-ai/d2l-zh;1258;4.1.1 翻译不顺;原文：“If our labels truly were related to the input data by a simple affine transformation”，  应翻译为 “如果我们的标签确实与经过防射变换后的输入数据相关，”;;2023-03-30T01:39:27+00:00;2023-06-10T08:53:12+00:00;;closed;False;1;2;3;3;1;1;1735.2291666666667;3
grafana/grafana;102728;SQL Expressions: Change metric conversion to full long;"**What is this feature?**

When querying metric data (non-table data) with SQL Expressions, we need to convert the data to table format. This is alternative format which does not have the same issues with sparse data.

There is now a `__metric_name__` column and one `__value__` column. Also a `_...";;2025-03-24T15:44:41+00:00;2025-03-24T20:04:44+00:00;2025-03-24T20:04:44+00:00;closed;True;2;16;1613;372;0;1;4.3341666666666665;2
strapi/strapi;23221;enhancement: add advanced preview license check;"### What does it do?

adds a license check to display the preview side editor only if cms-advanced-preview is true

### How to test it?

Without a license, you shouldn't see the side editor.

With an EE license you should
";;2025-03-24T14:59:38+00:00;2025-03-24T16:04:14+00:00;2025-03-24T16:04:14+00:00;closed;True;2;3;49;40;2;1;1.0766666666666669;4
obsproject/obs-studio;11977;obs-browser: Update version to 2.24.6;"<!--- Please fill out the following template, which will help other contributors review your Pull Request. -->

<!--- Make sure you’ve read the contribution guidelines here: https://github.com/obsproject/obs-studio/blob/master/CONTRIBUTING.rst -->

### Description
<!--- Describe your changes in...";;2025-03-17T18:15:54+00:00;2025-03-17T22:56:47+00:00;2025-03-17T22:56:47+00:00;closed;True;1;1;1;1;0;0;4.681388888888889;2
keras-team/keras;21081;Special handling of Torch DDP in callback;"Keras callbacks do not properly handle Torch DistributedDataParallel models. When using DDP, the keras.Model is wrapped in a DDP instance which is obviously not a keras.Model. The keras.Model must be retrieved from the DDP's `module` property, and the callbacks should execute against that instead.
...";;2025-03-21T16:08:02+00:00;2025-03-22T23:15:10+00:00;2025-03-22T23:15:10+00:00;closed;True;6;1;13;0;2;6;31.11888888888889;4
openai/openai-cookbook;1724;Add Cookbook: Using the OpenAI Agents SDK to Automate Stripe Dispute Responses;"## Summary

This PR introduces a new cookbook demonstrating how to leverage the Agents SDK to automate dispute management workflows using the Stripe API. It provides step-by-step instructions to build agentic applications that can triage, accept, or investigate customer disputes automatically. The...";;2025-03-17T21:50:00+00:00;2025-03-19T19:43:42+00:00;2025-03-19T19:43:42+00:00;closed;True;1;3;506;0;0;7;45.895;2
FuelLabs/sway;7029;try_as_64 updated;"issue #6954
";;2025-03-22T12:11:06+00:00;2025-03-25T06:48:40+00:00;;closed;False;4;2;62;30;0;6;66.62611111111111;2
caddyserver/caddy;6918;update quic-go to v0.50.1;v0.50.1 contains a fix for CVE-2025-29785.;;2025-03-21T05:51:40+00:00;2025-03-21T13:33:50+00:00;2025-03-21T13:33:49+00:00;closed;True;1;2;3;3;0;0;7.7027777777777775;2
apache/echarts;20815;Fix(tooltip): added container prop for tooltip placement;"<!-- Please fill in the following information to help us review your PR more efficiently. -->

## Brief Information

This pull request is in the type of:

- [x] bug fixing
- [ ] new feature
- [ ] others



### What does this PR do?

<!-- USE ONE SENTENCE TO DESCRIBE WHAT THIS PR DOES. ...";;2025-03-10T13:33:20+00:00;2025-03-20T07:13:59+00:00;;closed;False;2;33;60885;59384;1;0;233.6775;4
immich-app/immich;17062;chore: rename user api interface;;;2025-03-24T11:45:46+00:00;2025-03-24T16:00:08+00:00;2025-03-24T16:00:08+00:00;closed;True;1;7;6;6;0;0;4.239444444444445;2
scikit-learn/scikit-learn;31061;DOC Add missing punctuation;"<!--
Thanks for contributing a pull request! Please ensure you have taken a look at
the contribution guidelines: https://github.com/scikit-learn/scikit-learn/blob/main/CONTRIBUTING.md
-->

#### Reference Issues/PRs
<!--
Example: Fixes #1234. See also #3456.
Please use keywords (e.g., Fixes) ...";;2025-03-24T15:15:20+00:00;2025-03-24T17:35:55+00:00;2025-03-24T17:35:55+00:00;closed;True;1;1;2;2;1;0;2.3430555555555554;3
TheAlgorithms/Java;6197;Bump org.junit:junit-bom from 5.12.0 to 5.12.1;"Bumps [org.junit:junit-bom](https://github.com/junit-team/junit5) from 5.12.0 to 5.12.1.
<details>
<summary>Release notes</summary>
<p><em>Sourced from <a href=""https://github.com/junit-team/junit5/releases"">org.junit:junit-bom's releases</a>.</em></p>
<blockquote>
<p>JUnit 5.12.1 = Platform 1.12.1 ...";;2025-03-14T22:03:03+00:00;2025-03-14T23:52:55+00:00;2025-03-14T23:52:55+00:00;closed;True;1;1;1;1;1;0;1.8311111111111111;3
chartjs/Chart.js;12037;Update docs;"Grammar and style: ""TypeScript"", add articles, etc.

Add docs covering the `Array[]` version of data. Please review and let me know if I've made any mistakes.

Fix an apparent mistake in the `parsing: false` description of category axes: I believe it's trying to say that _strings_ would be a mis...";;2025-02-22T16:12:53+00:00;2025-02-25T16:15:48+00:00;2025-02-25T16:15:48+00:00;closed;True;2;1;25;8;2;0;72.04861111111111;3
webpack/webpack;19356;chore(deps-dev): bump the dependencies group with 4 updates;Bumps the dependencies group with 4 updates: [@eslint/js](https://github.com/eslint/eslint/tree/HEAD/packages/js), [@types/node](https://github.com/DefinitelyTyped/DefinitelyTyped/tree/HEAD/types/node), [eslint](https://github.com/eslint/eslint) and [eslint-plugin-prettier](https://github.com/pretti...;;2025-03-24T03:57:06+00:00;2025-03-24T17:13:05+00:00;2025-03-24T17:13:05+00:00;closed;True;1;1;39;26;0;0;13.266388888888889;2
apache/superset;32828;chore(🦾): bump python shillelagh subpackage(s);"Updates the python ""shillelagh"" library version from null to null. 

Generated by @supersetbot 🦾

🌳:
```
shillelagh
  apache-superset (pyproject.toml)
```";;2025-03-24T17:48:44+00:00;2025-03-24T20:43:24+00:00;2025-03-24T20:43:24+00:00;closed;True;2;2;2;2;1;0;2.911111111111111;3
alacritty/alacritty;8526;Clamp offscreen damage;"This could happen if the terminal is very small and cell is not entirely visible, thus having bounds outside the terminal width/height.

--

Originated here https://github.com/Smithay/smithay/issues/1689";;2025-03-23T13:58:20+00:00;2025-03-23T16:44:43+00:00;2025-03-23T16:44:43+00:00;closed;True;2;1;7;2;1;0;2.773055555555556;2
nuxt/nuxt;31691;build(nuxt): use `vue-sfc-transformer` to process sfcs;"### 🔗 Linked issue

<!-- Please ensure there is an open issue and mention its number. For example, ""resolves #123"" -->

### 📚 Description

uses the new https://github.com/nuxt-contrib/vue-sfc-transformer implementation, which `mkdist` will automatically pick if installed.";;2025-04-05T05:14:08+00:00;2025-04-05T06:46:43+00:00;2025-04-05T06:46:43+00:00;closed;True;0;3;121;646;5;0;1.5430555555555556;6
microsoft/generative-ai-for-beginners;716;Update README.md;Minor grammar/language update;;2025-03-26T14:55:11+00:00;2025-03-27T12:20:46+00:00;2025-03-27T12:20:46+00:00;closed;True;1;1;1;1;3;0;21.426388888888887;3
ggml-org/llama.cpp;12822;Include limits header file on AIX;"The limits header file is present in /usr/include/sys on AIX
";;2025-04-08T10:33:51+00:00;2025-04-08T12:31:00+00:00;2025-04-08T12:31:00+00:00;closed;True;1;1;2;0;0;0;1.9525;2
kamranahmedse/developer-roadmap;8459;Fix SQL roadmap content;"- fix typo in [query-optimization@Ps9Yv2s-bKvEegGAbPsiA.md](https://github.com/kamranahmedse/developer-roadmap/blob/master/src/data/roadmaps/sql/content/query-optimization%40Ps9Yv2s-bKvEegGAbPsiA.md)
- fix content in [reducing-subqueries@UVTgbZrqpbYl1bQvQejcF.md](https://github.com/kamranahmedse/de...";;2025-04-06T07:30:26+00:00;2025-04-06T22:13:59+00:00;2025-04-06T22:13:59+00:00;closed;True;1;2;2;2;0;0;14.725833333333334;2
serverless/serverless;12986;docs: read license key from aws ssm;;;2025-01-10T17:24:42+00:00;2025-01-15T20:56:21+00:00;2025-01-15T20:56:21+00:00;closed;True;1;2;22;2;0;0;123.5275;2
go-gitea/gitea;34147;Check user/org repo limit instead of doer;"This PR tries to finally fix the bug mentioned in #30011 and #15504, where the user repo limit is checked when creating a repo in an organization.

Fix #30011

---

Please verify that this change makes sense, I don't know a lot about the gitea codebase, so I cannot overlook the security implic...";;2025-04-07T20:41:45+00:00;2025-04-08T06:45:31+00:00;2025-04-08T06:45:31+00:00;closed;True;6;15;92;71;2;5;10.062777777777775;4
elastic/elasticsearch;126464;Fix a RemoveProcessor test that never ran;The important bit is the change to the signature of `testShouldKeep` which makes the test actually run. 😬;;2025-04-08T13:55:02+00:00;2025-04-08T15:21:05+00:00;2025-04-08T15:21:05+00:00;closed;True;1;1;17;39;2;0;1.4341666666666666;3
Textualize/rich;3675;TTY_COMPATIBLE;"Implement new `TTY_COMPATIBLE` environment variable

@ofek @webknjaz @hugovk 

Relevant discussion: https://github.com/Textualize/rich/issues/2924
";;2025-03-28T11:39:03+00:00;2025-03-28T14:54:23+00:00;2025-03-28T14:54:23+00:00;closed;True;1;6;195;102;2;0;3.2555555555555555;4
Anduin2017/HowToCook;1426;重构了指尖量水法的表述不清的句子;"重构了指尖量水法的表述不清的句子，什么叫做食指的第一个指节的**一半的一半**，令人完全无法理解到底是第一个指节的1/4还是3/4还是1又1/4。并且，根据江南米应该软糯微微湿润的特点，判断应该是1又1/4的水。

## 注意

Pull Request 提交后，预计 1 分钟内将会得到自动化格式检查的结果。只有通过自动化检查的 Pull Request 才会被人工审核。

- [x] 请确保此 Pull Request 能够通过自动化代码检查。

## 签署

必须签署下面的对话框才能开始审核。

### HowToCook 仓库采用了 [The Unlicense]...";;2025-03-26T04:48:14+00:00;2025-03-26T13:39:00+00:00;2025-03-26T13:39:00+00:00;closed;True;1;1;2;2;1;0;8.846111111111112;2
wagoodman/dive;593;Fix error message returned from getFileList;The PR fixes typo in error messages.;;2025-04-02T13:12:40+00:00;2025-04-03T12:19:41+00:00;2025-04-03T12:19:41+00:00;closed;True;1;1;2;2;0;0;23.11694444444445;2
AUTOMATIC1111/stable-diffusion-webui;16872;small fix,;"

## Description
small fix, prevent annoying error log when registering keydown esc from user custom js


## Screenshots/videos:


## Checklist:

- [x] I have read [contributing wiki page](https://github.com/AUTOMATIC1111/stable-diffusion-webui/wiki/Contributing)
- [x] I have performed a...";;2025-03-01T10:46:16+00:00;2025-03-04T16:10:18+00:00;2025-03-04T16:10:18+00:00;closed;True;2;1;1;1;0;1;77.40055555555556;3
twitter/the-algorithm;5821;Create ayy lmao;;;2024-08-26T20:23:41+00:00;2024-09-04T05:38:58+00:00;;closed;False;1;1;25;0;10;0;201.25472222222223;4
nektos/act;2721;chore(ci): Only promote if possible;"Without this, when people update `master` in forks with actions enabled, they get failures...

* [Before](https://github.com/check-spelling-sandbox/act/actions/runs/14186237035)
* [After](https://github.com/check-spelling-sandbox/act/actions/runs/14196148882/job/39771630398)";;2025-04-01T12:56:02+00:00;2025-04-05T06:03:19+00:00;2025-04-05T06:03:19+00:00;closed;True;1;1;7;0;4;0;89.12138888888889;4
geekan/MetaGPT;1728;example fix;"**Features**
<!-- Clear and direct description of the submit features. -->
<!-- If it's a bug fix, please also paste the issue link. -->

- di example fix
    
**Feature Docs**
<!-- The RFC, tutorial, or use cases about the feature if it's a pretty big update. If not, there is no need to fill...";;2025-02-28T08:17:34+00:00;2025-02-28T09:55:48+00:00;2025-02-28T09:55:48+00:00;closed;True;2;12;20;21;0;2;1.637222222222222;2
MunGell/awesome-for-beginners;1600;learning how to use open source tech stack;;;2025-04-03T20:05:30+00:00;2025-04-04T17:49:18+00:00;;closed;False;1;2;3;3;0;0;21.73;2
junegunn/fzf;4308;src: changed 'interface{}' to 'any';;;2025-03-10T22:50:14+00:00;2025-03-11T05:24:54+00:00;2025-03-11T05:24:54+00:00;closed;True;1;3;4;4;1;0;6.5777777777777775;2
hacksider/Deep-Live-Cam;1048;Create Emmy Me;"My vibe

## Summary by Sourcery

Create a new file or directory named 'Emmy Me'";;2025-04-05T10:05:54+00:00;2025-04-05T12:25:14+00:00;;closed;False;1;1;1;0;1;0;2.3222222222222224;2
h5bp/html5-boilerplate;3209;chore(deps-dev): bump glob from 11.0.0 to 11.0.1;"Bumps [glob](https://github.com/isaacs/node-glob) from 11.0.0 to 11.0.1.
<details>
<summary>Commits</summary>
<ul>
<li><a href=""https://github.com/isaacs/node-glob/commit/148ef611eec9454201b1f2e81721e6fa00582043""><code>148ef61</code></a> 11.0.1</li>
<li><a href=""https://github.com/isaacs/node-glob/c...";;2025-02-01T07:37:40+00:00;2025-03-25T07:12:39+00:00;2025-03-25T07:12:39+00:00;closed;True;1;2;6;5;0;0;1247.5830555555556;2
ansible/ansible;84933;Handle forwarded exceptions from dnf5-5.2.13;"##### SUMMARY

Handle forwarded exceptions from dnf5-5.2.13

Caused by https://github.com/rpm-software-management/dnf5/commit/99303105878d98093c2b8fe4922ed2ad22883c94

##### ISSUE TYPE

- Bugfix Pull Request
";;2025-04-07T20:58:01+00:00;2025-04-08T14:35:32+00:00;2025-04-08T14:35:32+00:00;closed;True;3;2;15;4;0;0;17.62527777777778;4
jquery/jquery;5647;Build: Bump the github-actions group with 3 updates;"Bumps the github-actions group with 3 updates: [actions/setup-node](https://github.com/actions/setup-node), [actions/cache](https://github.com/actions/cache) and [github/codeql-action](https://github.com/github/codeql-action).

Updates `actions/setup-node` from 4.2.0 to 4.3.0
<details>
<summary>Rele...";;2025-04-01T00:56:32+00:00;2025-04-01T09:13:27+00:00;2025-04-01T09:13:27+00:00;closed;True;1;6;15;15;1;0;8.281944444444445;2
facebook/react;32828;Allow Passing Blob/File/MediaSource/MediaStream to src of <img>, <video> and <audio>;"Behind the `enableSrcObject` flag. This is revisiting a variant of what was discussed in #11163.

Instead of supporting the [`srcObject` property](https://developer.mozilla.org/en-US/docs/Web/API/HTMLMediaElement/srcObject) as a separate name, this adds an overload of `src` to allow objects to be ...";;2025-04-08T06:34:06+00:00;2025-04-08T16:11:42+00:00;2025-04-08T16:11:42+00:00;closed;True;1;25;805;38;1;0;9.626666666666669;3
OpenInterpreter/open-interpreter;1506;fix: relax starlette version requirement to resolve FastAPI conflict;"## Description
This PR addresses the dependency conflict between Starlette versions required by core dependencies and FastAPI server features by relaxing the version constraints in pyproject.toml.

### Changes Made
Modified `pyproject.toml` to update Starlette version requirement:
```diff
- st...";;2024-10-27T04:07:34+00:00;2024-10-28T17:37:19+00:00;2024-10-28T17:37:19+00:00;closed;True;1;1;1;1;1;0;37.49583333333333;3
bregman-arie/devops-exercises;10565;argocd: add more cases for appset;;;2025-03-12T07:10:45+00:00;2025-03-26T22:17:48+00:00;2025-03-26T22:17:48+00:00;closed;True;1;1;4;2;0;0;351.1175;2
facebook/create-react-app;17008;Add deprecation to website;"- Adds a banner with deprecation notice
- Adds a noindex meta tag to home page to remove from search
- Add og meta info for when noindex is ignored
";;2025-01-28T23:00:52+00:00;2025-02-14T19:02:07+00:00;2025-02-14T19:02:07+00:00;closed;True;1;2;18;4;7;0;404.0208333333333;9
remix-run/react-router;13376;Skip `route.lazy` hydration properties after hydration;"This PR takes advantage of the new granular `route.lazy` API by skipping unused hydration properties when we're done hydrating.

TODO:

- [x] Refactor to avoid awkward empty `hydrationRouteProperty` array passing?";;2025-04-07T07:14:40+00:00;2025-04-08T14:19:27+00:00;2025-04-08T14:19:27+00:00;closed;True;2;8;254;14;2;1;31.079722222222223;3
awesome-selfhosted/awesome-selfhosted;4125;Add RSSHub to Feed section;"<!-- DO NOT DELETE THE TEXT BELOW if you are adding new software to the list. Please make sure relevant boxes are checked [x] -->

Thank you for taking the time to work on a PR for Awesome-Selfhosted!

To ensure your PR is dealt with swiftly please check the following:

- [x] Submit one item p...";;2023-08-21T18:04:12+00:00;2023-08-22T13:58:33+00:00;;closed;False;1;1;1;0;1;1;19.905833333333334;3
ionic-team/ionic-framework;30337;fix(input): apply position to .cloned-input only for native themes;"Issue number: resolves internal

---------

## What is the current behavior?
Using the ionic theme, `ion-input` inside an `ion-accordion` , that require a scroll to focus, when clicked , it's text would shift

![Screenshot 2025-04-04 at 12 32 22](https://github.com/user-attachments/assets/941...";;2025-04-04T11:46:54+00:00;2025-04-07T14:37:41+00:00;2025-04-07T14:37:41+00:00;closed;True;2;2;6;2;1;0;74.8463888888889;4
PowerShell/PowerShell;25290;Bump github/codeql-action from 3.28.13 to 3.28.15;"Bumps [github/codeql-action](https://github.com/github/codeql-action) from 3.28.13 to 3.28.15.
<details>
<summary>Release notes</summary>
<p><em>Sourced from <a href=""https://github.com/github/codeql-action/releases"">github/codeql-action's releases</a>.</em></p>
<blockquote>
<h2>v3.28.15</h2>
<h1>Co...";;2025-04-08T07:52:27+00:00;2025-04-08T21:48:44+00:00;2025-04-08T21:48:44+00:00;closed;True;1;2;3;3;3;0;13.938055555555556;4
AlistGo/alist;8289;fix(doubao): update file size type to int64;Fix: https://github.com/AlistGo/alist/pull/8232#issuecomment-2774616558;;2025-04-03T06:53:10+00:00;2025-04-03T12:34:27+00:00;2025-04-03T12:34:27+00:00;closed;True;3;2;6;6;1;2;5.688055555555556;3
azl397985856/leetcode;601;Update problems/53.maximum-sum-subarray-cn.en.md, python code reforma…;…tion;;2024-06-11T09:50:20+00:00;2024-06-16T05:05:04+00:00;2024-06-16T05:05:04+00:00;closed;True;1;1;58;48;5;0;115.24555555555555;6
zylon-ai/private-gpt;2104;Fix 503 when Private GPT calls Ollama API on startup (Docker Compose ollama-api profile);"Fix for #2066 

# Description

When running private gpt with external ollama API, ollama service returns 503 on startup because ollama service (traefik) might not be ready.

- Add healthcheck to ollama service to test for connection to external ollama
- private-gpt-ollama service depends on o...";;2024-10-16T12:41:42+00:00;2024-10-17T10:44:29+00:00;2024-10-17T10:44:29+00:00;closed;True;1;1;8;1;0;0;22.046388888888888;2
langflow-ai/langflow;7502;Update custom.css for desktop ad;;;2025-04-08T15:55:26+00:00;2025-04-08T20:57:03+00:00;2025-04-08T20:57:03+00:00;closed;True;1;1;8;1;0;0;5.026944444444444;2
tesseract-ocr/tesseract;4383;Fix building elf_aux_info() support on OpenBSD/arm;"Remove the unnecessary use of the sys/elf.h header which breaks
the build.";;2025-01-16T02:47:42+00:00;2025-01-17T10:55:52+00:00;2025-01-17T10:55:52+00:00;closed;True;2;1;0;1;0;0;32.13611111111111;3
atom/atom;25433;Update for bundle packages - Doc Fix;"Documentation Fix for Bundle packages.

⚛👋 Hello there! Welcome. Please follow the steps below to tell us about your contribution.

1. Copy the correct template for your contribution
  - 🐛 Are you fixing a bug? Copy the template from <https://bit.ly/atom-bugfix-pr>
  - 📈 Are you improving perf...";;2022-04-30T08:28:52+00:00;2022-09-13T17:44:45+00:00;;closed;False;1;1;1;1;1;0;3273.264722222222;2
withastro/astro;13600;feat(fonts): jsdocs;"## Changes

- Adds jsdocs

## Testing

<!-- How was this change tested? -->
<!-- DON'T DELETE THIS SECTION! If no tests added, explain why. -->

## Docs

<!-- Could this affect a user’s behavior? We probably need to update docs! -->
<!-- If docs will be needed or you’re not sure, uncomme...";;2025-04-10T16:51:16+00:00;2025-04-11T09:56:52+00:00;2025-04-11T09:56:52+00:00;closed;True;11;8;131;20;1;18;17.093333333333334;4
traefik/traefik;11676;Typo fix on the Explanation Section for User Guide HTTP Challenge.;"

<!--
PLEASE READ THIS MESSAGE.

Documentation fixes or enhancements:
- for Traefik v2: use branch v2.11
- for Traefik v3: use branch v3.3

Bug fixes:
- for Traefik v2: use branch v2.11
- for Traefik v3: use branch v3.3

Enhancements:
- for Traefik v2: we only accept bug fixes
- for ...";;2025-04-09T13:13:37+00:00;2025-04-11T08:18:04+00:00;2025-04-11T08:18:04+00:00;closed;True;3;1;1;1;1;0;43.07416666666666;4
sharkdp/bat;3261;CICD: Stop building for x86_64-pc-windows-gnu which fails;"Let's not build for platforms that are broken. If someone fixes the build we can of course add it back later.

![image](https://github.com/user-attachments/assets/d1018f05-db9f-464d-9694-a3a78b1fb15a)
";;2025-04-07T04:27:52+00:00;2025-04-07T15:31:12+00:00;2025-04-07T15:31:12+00:00;closed;True;2;3;2;2;0;1;11.055555555555555;2
prettier/prettier;17327;Update `find-cache-directory` to v6;"## Description

<!-- Please provide a brief summary of your changes -->

`find-cache-dir` has been renamed https://github.com/sindresorhus/find-cache-directory/releases/tag/v6.0.0

## Checklist

<!-- Please ensure you’ve done all of these things (if applicable). -->
<!-- You can replace the...";;2025-04-08T16:29:40+00:00;2025-04-08T23:41:12+00:00;2025-04-08T23:41:12+00:00;closed;True;1;3;15;66;3;0;7.192222222222222;4
ytdl-org/youtube-dl;32987;[YouTube] Fix nsig challenge for player `3bb1f723`;"<details><summary>Boilerplate: mixed code, bug fix</summary>

## Please follow the guide below

- You will be asked some questions, please read them **carefully** and answer honestly
- Put an `x` into all the boxes [ ] relevant to your *pull request* (like that [x])
- Use *Preview* tab to see ...";;2024-12-07T10:37:05+00:00;2024-12-16T12:38:51+00:00;2024-12-16T12:38:51+00:00;closed;True;3;5;636;202;8;3;218.02944444444444;4
hacksider/deep-live-cam;1048;Create Emmy Me;"My vibe

## Summary by Sourcery

Create a new file or directory named 'Emmy Me'";;2025-04-05T10:05:54+00:00;2025-04-05T12:25:14+00:00;;closed;False;1;1;1;0;1;0;2.3222222222222224;2
julialang/julia;58071;fix syntax for `true` and `false` as symbols;`isidentifier` already handles these, so this makes no observable difference but I noticed that `keyword_syms` was unexpectedly a `Set{Any}`.;;2025-04-10T19:24:09+00:00;2025-04-11T06:22:42+00:00;2025-04-11T06:22:42+00:00;closed;True;1;1;2;2;0;0;10.975833333333334;2
freecodecamp/freecodecamp;59680;fix(api): remove authorization checks;This PR removes endpoints from the middleware for authz checks;;2025-04-11T14:56:07+00:00;2025-04-11T16:51:01+00:00;2025-04-11T16:51:01+00:00;closed;True;2;2;0;8;0;0;1.915;3
alistgo/alist;8289;fix(doubao): update file size type to int64;Fix: https://github.com/AlistGo/alist/pull/8232#issuecomment-2774616558;;2025-04-03T06:53:10+00:00;2025-04-03T12:34:27+00:00;2025-04-03T12:34:27+00:00;closed;True;3;2;6;6;1;2;5.688055555555556;3
starship/starship;6651;revert: Remove specialized whoami hostname function choice for windows;"#### Description

Updates whoami to 1.6.0, which removes the need for an instance of conditional compilation for windows which is reverted in this PR.  The `hostname()` function now returns the `PhysicalDnsHostname` instead of the `NetBIOS` name, while `devicename()` (no longer used) currently ret...";;2025-03-24T04:04:36+00:00;2025-03-24T12:39:24+00:00;2025-03-24T12:39:24+00:00;closed;True;1;3;3;10;0;0;8.58;2
burntsushi/ripgrep;3021;Update decompress.rs;gzip suffix support added. Seems to work for me.;;2025-04-02T00:09:50+00:00;2025-04-08T15:52:46+00:00;;closed;False;1;2;2;1;6;1;159.71555555555557;3
rust-lang/rustlings;2224;Fix typo - errors5.rs;Minor typo correction in exercise instructions;;2025-03-25T13:24:58+00:00;2025-04-03T15:52:57+00:00;2025-04-03T15:52:57+00:00;closed;True;1;1;1;1;1;0;218.4663888888889;2
chartjs/chart.js;12037;Update docs;"Grammar and style: ""TypeScript"", add articles, etc.

Add docs covering the `Array[]` version of data. Please review and let me know if I've made any mistakes.

Fix an apparent mistake in the `parsing: false` description of category axes: I believe it's trying to say that _strings_ would be a mis...";;2025-02-22T16:12:53+00:00;2025-02-25T16:15:48+00:00;2025-02-25T16:15:48+00:00;closed;True;2;1;25;8;2;0;72.04861111111111;3
jesseduffield/lazygit;4467;"Show ""(hooks disabled)"" in title bar of commit message editor";"- **PR Description**

It is shown either when committing with `w`, or when typing the skipHooks prefix
if there is one. This should hopefully make it clearer when the hooks are run
and when they are not.

```
╭─Commit summary───────────────────(hooks disabled)─ 7 ─────╮
│WIP foo             ...";;2025-04-08T11:59:05+00:00;2025-04-10T06:59:56+00:00;2025-04-10T06:59:56+00:00;closed;True;2;6;39;11;1;2;43.01416666666667;3
ultralytics/yolov5;13542;Update GitHub banner redirect;"@glenn-jocher @pderrenger 

## 🛠️ PR Summary

<sub>Made with ❤️ by [Ultralytics Actions](https://github.com/ultralytics/actions)<sub>

### 🌟 Summary
This PR updates the YOLOv5 documentation with improved formatting, updated links, and minor corrections to enhance clarity and usability.

### 📊 Key Ch...";;2025-03-23T09:16:09+00:00;2025-03-23T10:35:02+00:00;2025-03-23T10:35:02+00:00;closed;True;1;4;84;84;2;0;1.314722222222222;3
donnemartin/system-design-primer;872;Fix DNS routing hyperlinks;"Now, instead of hyperlinks landing to a routing index page, they route to relevant web pages. This issue might have been caused due to source website moving index page sections to separate web pages.
";;2024-06-18T09:29:17+00:00;2024-06-23T17:36:45+00:00;2024-06-23T17:36:45+00:00;closed;True;1;1;2;2;0;0;128.12444444444444;2
hiyouga/llama-factory;7655;修复在Intel GPU上运行会显示未检测到CUDA环境;"# What does this PR do?

修复在Intel GPU上运行会显示未检测到CUDA环境
<img width=""959"" alt=""warn"" src=""https://github.com/user-attachments/assets/b2bdfc9d-f539-4fa9-b396-22f6f26ba90b"" />

## Before submitting

- [X] Did you read the [contributor guideline](https://github.com/hiyouga/LLaMA-Factory/blob/main/....";;2025-04-09T11:31:01+00:00;2025-04-09T13:37:54+00:00;2025-04-09T13:37:54+00:00;closed;True;1;1;3;1;0;0;2.1147222222222224;2
appwrite/appwrite;9634;Bump console to version 5.2.57;"## What does this PR do?

Bump console to version 5.2.57

## Test Plan

None

## Related PRs and Issues

Dependent on:

* https://github.com/appwrite/appwrite/pull/9633

## Checklist

- [x] Have you read the [Contributing Guidelines on issues](https://github.com/appwrite/appwrite/blo...";;2025-04-10T23:35:17+00:00;2025-04-11T18:21:01+00:00;;closed;False;1;2;2;2;4;0;18.76222222222222;4
louislam/uptime-kuma;5752;fix: align package-lock.json version with package.json;**⚠️ Please Note: We do not accept all types of pull requests, and we want to ensure we don’t waste your time. Before submitting, make sure you have read our pull request guidelines: [Pull Request Rules](https://github.com/louislam/uptime-kuma/blob/master/CONTRIBUTING.md#can-i-create-a-pull-request-...;;2025-04-03T13:26:56+00:00;2025-04-07T21:55:07+00:00;2025-04-07T21:55:07+00:00;closed;True;1;1;2;2;7;0;104.46972222222222;4
chalarangelo/30-seconds-of-code;2100;Update README.md;SPAM! SPAM! SPAM!;;2025-02-08T07:50:56+00:00;2025-02-08T09:56:53+00:00;;closed;False;1;1;1;1;0;1;2.099166666666666;2
rails/rails;54904;Fix `polymorphic_url` and `polymorphic_path` not working when routes are not loaded:;"### Motivation / Background

Fix #54890

### Detail

#### Problem

Calling `polyphormic_url` in a integration test or anywhere else when routes may not be loaded yet will result in either crashing or returning a wrong url.

#### Details

When the routes are not yet loaded, any `resolve` ...";;2025-04-10T23:11:44+00:00;2025-04-11T06:48:01+00:00;2025-04-11T06:48:01+00:00;closed;True;1;2;26;10;4;0;7.604722222222223;5
krahets/hello-algo;1711;fix(zh-hant translation): graph_traversal.md;"`列列` -> `隊列`

If this pull request (PR) pertains to **Chinese-to-English translation**, please confirm that you have read the contribution guidelines and complete the checklist below:

- [ ] This PR represents the translation of a single, complete document, or contains only bug fixes.
- [ ] The...";;2025-03-27T07:36:38+00:00;2025-03-28T09:09:29+00:00;2025-03-28T09:09:29+00:00;closed;True;1;1;1;1;0;0;25.5475;2
facebook/docusaurus;11079;feat(docusaurus-types): Add UnusedDirective: 'throw' for markdown;"<!--
Thank you for sending the PR! We appreciate you spending the time to work on these changes.
You can learn more about contributing to Docusaurus here: https://github.com/facebook/docusaurus/blob/main/CONTRIBUTING.md
Happy contributing!
-->

## Pre-flight checklist

- [X] I have read the ...";;2025-04-08T20:59:59+00:00;2025-04-09T16:19:09+00:00;;closed;False;3;3;20;0;2;4;19.319444444444443;4
git/git;1901;completion: fix bugs with slashes in remote names;"Previously, some calls to for-each-ref passed fixed numbers of path
components to strip from refs, assuming that remote names had no slashes
in them. This made completions like:

git push github/dseomn :com<Tab>

Result in:

git push github/dseomn :dseomn/completion-remote-slash

With this...";;2025-03-02T03:13:19+00:00;2025-04-07T22:32:34+00:00;;closed;False;15;2;226;29;76;16;883.3208333333333;3
significant-gravitas/autogpt;9808;fix(marketplace): Render newline in marketplace description text;"- fix #9177 

Add `whitespace-pre-line` tailwind property to allow newline rendering in marketplace description text

### Before

![Screenshot 2025-04-11 at 10 32 23 AM](https://github.com/user-attachments/assets/b07f58b6-218e-4b33-a018-93757e59cd8d)

### After

![Screenshot 2025-04-11 at ...";;2025-04-11T05:03:40+00:00;2025-04-11T11:11:48+00:00;2025-04-11T11:11:48+00:00;closed;True;1;1;2;2;3;0;6.135555555555555;4
lodash/lodash;5887;feat: toPercent();this function converts a fraction number to a string in percentage format. ;;2024-06-18T17:50:13+00:00;2024-11-12T20:47:45+00:00;;closed;False;1;847;38248;139839;3;2;3530.958888888889;2
nationalsecurityagency/ghidra;7974;Fix error when importing PE executable when NumberOfRvaAndSizes = 11.;"### Overview
This pr fixes #7973. The issue is cause by line 397, where nData is post-incremented instead of pre-incremented. I came across this bug when I trying to import vgc.exe (from Vanguard) into a new project. I uploaded the executable [here](https://drive.google.com/file/d/1Gzp32ixTAYkbxEqz...";;2025-04-02T00:50:49+00:00;2025-04-02T17:39:58+00:00;;closed;False;1;1;1;1;1;0;16.819166666666668;2
prometheus/prometheus;16416;doc: Move library release tagging to a separate section;"In RELEASE.md, the instructions to tag the library release used to be inserted between the normal release tagging and an alternative way of doing the release tagging. This was very confusing, as the alternative way did _not_ include the library tagging.

I reckoned it is much less confusing to hav...";;2025-04-09T13:28:51+00:00;2025-04-09T14:46:33+00:00;2025-04-09T14:46:33+00:00;closed;True;2;1;17;14;0;0;1.295;3
expressjs/express;6429;build(deps): bump github/codeql-action from 3.28.11 to 3.28.13;"Bumps [github/codeql-action](https://github.com/github/codeql-action) from 3.28.11 to 3.28.13.
<details>
<summary>Release notes</summary>
<p><em>Sourced from <a href=""https://github.com/github/codeql-action/releases"">github/codeql-action's releases</a>.</em></p>
<blockquote>
<h2>v3.28.13</h2>
<h1>Co...";;2025-04-01T09:33:12+00:00;2025-04-05T02:53:14+00:00;2025-04-05T02:53:14+00:00;closed;True;2;2;3;3;0;0;89.3338888888889;3
mozilla/pdf.js;19806;Add more logical assignment in the `src/` folder;This patch uses nullish coalescing assignment in cases where it's immediately obvious from surrounding code that doing so is safe, and logical OR assignment elsewhere (mostly the changes in XFA code).;;2025-04-12T15:30:44+00:00;2025-04-12T16:51:28+00:00;2025-04-12T16:51:28+00:00;closed;True;1;6;33;65;6;0;1.3455555555555556;3
bradtraversy/design-resources-for-developers;1474;[CSSnippets] -> [UI Components & Kits];"A collection of HTML, React, CSS and Tailwind CSS code snippets for buttons, box-shadows, cards, checkboxes, dropdowns and many more.

Link: https://cssnippets.shefali.dev/

#### Checklist:

- [x] I have performed a self-review of submitted resource and its follows the guidelines of the projec...";;2025-03-11T07:53:19+00:00;2025-03-11T12:52:17+00:00;2025-03-11T12:52:17+00:00;closed;True;1;1;1;0;0;0;4.982777777777778;2
sherlock-project/sherlock;2404;Remove ask.fm + fix instagram  middleware;ASKfm was officially shutdown 1 December 2024 due to an announcement made by their administrators.;;2025-02-05T03:27:09+00:00;2025-02-17T05:13:21+00:00;2025-02-17T05:13:21+00:00;closed;True;1;1;1;9;1;0;289.77;2
h5bp/front-end-developer-interview-questions;896;Bump ws from 8.13.0 to 8.17.1;"Bumps [ws](https://github.com/websockets/ws) from 8.13.0 to 8.17.1.
<details>
<summary>Release notes</summary>
<p><em>Sourced from <a href=""https://github.com/websockets/ws/releases"">ws's releases</a>.</em></p>
<blockquote>
<h2>8.17.1</h2>
<h1>Bug fixes</h1>
<ul>
<li>Fixed a DoS vulnerability (<a hr...";;2024-06-18T07:51:33+00:00;2024-07-02T15:18:04+00:00;2024-07-02T15:18:04+00:00;closed;True;1;1;3;3;0;0;343.44194444444446;2
automatic1111/stable-diffusion-webui;16872;small fix,;"

## Description
small fix, prevent annoying error log when registering keydown esc from user custom js


## Screenshots/videos:


## Checklist:

- [x] I have read [contributing wiki page](https://github.com/AUTOMATIC1111/stable-diffusion-webui/wiki/Contributing)
- [x] I have performed a...";;2025-03-01T10:46:16+00:00;2025-03-04T16:10:18+00:00;2025-03-04T16:10:18+00:00;closed;True;2;1;1;1;0;1;77.40055555555556;3
unionlabs/union;4307;Mobile friendly;;;2025-04-12T21:17:22+00:00;2025-04-13T00:42:38+00:00;2025-04-13T00:42:38+00:00;closed;True;1;10;250;149;2;0;3.421111111111111;4
appflowy-io/appflowy;7725;fix: unable to accept the response from 'mark longer';"<!---
Thank you for submitting a pull request to AppFlowy. The team will dedicate their best efforts to reviewing and approving your pull request. If you have any questions about the project or feedback for us, please join our [Discord](https://discord.gg/wdjWUXXhtw).
-->

<!---
If your pull re...";;2025-04-11T02:58:02+00:00;2025-04-11T06:25:20+00:00;2025-04-11T06:25:20+00:00;closed;True;2;2;101;4;1;0;3.455;3
all-hands-ai/openhands;7812;Fix for race condition in cache;"- [ ] This change is worth documenting at https://docs.all-hands.dev/
- [ ] Include this change in the Release Notes. If checked, you **must** provide an **end-user friendly** description for your change below

**End-user friendly description of the problem this fixes or functionality that this i...";;2025-04-11T14:12:32+00:00;2025-04-12T13:43:35+00:00;2025-04-12T13:43:34+00:00;closed;True;8;1;20;12;1;7;23.5175;4
angular/angular.js;17177;docs: update end-of-life messages;"This change updates the messaging about AngularJS end-of-life in several places:
* Docs homepage
* Docs banner
* Security and support pages
* GitHub README

cc @aaronfrost 

@gkalpak am I missing anything here? I also want to update the changelog, but assume that happens automatically as par...";;2022-01-31T22:10:08+00:00;2022-03-18T19:04:56+00:00;2022-03-18T19:04:56+00:00;closed;True;11;7;52;76;2;20;1100.9133333333334;5
3b1b/manim;2280;Automatically identify the class name based on the specified line number.;"<!-- Thanks for contributing to manim!
    Please ensure that your pull request works with the latest version of manim.
-->

### Motivation
Whenever some user passes the command `-e <line_number>`, it feels redundant to specify the class name.

The closest class name (above the specified `<li...";;2024-12-16T10:28:40+00:00;2024-12-28T15:18:33+00:00;2024-12-28T15:18:33+00:00;closed;True;7;5;28;14;4;10;292.8313888888889;4
jetbrains/kotlin;5412;Add a serializer for kotlin.time.Instant;The corresponding `kotlinx.serialization` PR: https://github.com/Kotlin/kotlinx.serialization/pull/2945;;2025-03-05T07:56:29+00:00;2025-03-10T19:25:17+00:00;;closed;False;1;9;81;2;1;0;131.48;3
anduin2017/howtocook;1426;重构了指尖量水法的表述不清的句子;"重构了指尖量水法的表述不清的句子，什么叫做食指的第一个指节的**一半的一半**，令人完全无法理解到底是第一个指节的1/4还是3/4还是1又1/4。并且，根据江南米应该软糯微微湿润的特点，判断应该是1又1/4的水。

## 注意

Pull Request 提交后，预计 1 分钟内将会得到自动化格式检查的结果。只有通过自动化检查的 Pull Request 才会被人工审核。

- [x] 请确保此 Pull Request 能够通过自动化代码检查。

## 签署

必须签署下面的对话框才能开始审核。

### HowToCook 仓库采用了 [The Unlicense]...";;2025-03-26T04:48:14+00:00;2025-03-26T13:39:00+00:00;2025-03-26T13:39:00+00:00;closed;True;1;1;2;2;1;0;8.846111111111112;2
psf/requests;6899;Docs: Add quotes to prevent Zsh wildcard interpretation.;"```
zsh: no matches found: requests[socks]
```";;2025-02-19T02:08:27+00:00;2025-02-20T18:43:14+00:00;2025-02-20T18:43:14+00:00;closed;True;1;1;1;1;0;0;40.57972222222222;2
powershell/powershell;25346;Fix tab completion for env/function variables;"# PR Summary
Fixes the tab completion logic when attempting to autocomplete a function or env provider item.

## PR Context
Fixes: https://github.com/PowerShell/PowerShell/issues/25299

## PR Checklist

- [x] [PR has a meaningful title](https://github.com/PowerShell/PowerShell/blob/master/.g...";;2025-04-12T03:04:02+00:00;2025-04-12T06:04:19+00:00;2025-04-12T06:04:19+00:00;closed;True;1;2;44;4;4;0;3.004722222222222;4
chrislgarry/apollo-11;936;Add Swedish language translation;"- Add Swedish CONTRIBUTING.md and README.md file.
- Update so that Swedish is a choice in the main and other translated README.md and CONTRIBUTING.md files.
- Fix/update paths on all README.md and CONTRIBUTING.md files so you get redirected correctly to the Swedish alternative when you press it.";;2025-04-04T22:16:47+00:00;2025-04-05T16:05:08+00:00;2025-04-05T16:05:08+00:00;closed;True;1;66;447;0;1;0;17.805833333333332;2
reactivex/rxjava;7799;Fix MpscLinkedQueue GC issues;Similar to https://github.com/JCTools/JCTools/blob/master/jctools-core/src/main/java/org/jctools/queues/          MpscLinkedQueue.java#L120, null out the next pointer in the discarded consumer node when polling from the queue. If not, we leave behind a (potentially long) chain of connected garbage n...;;2024-11-21T16:55:43+00:00;2024-11-22T14:34:22+00:00;2024-11-22T14:34:22+00:00;closed;True;2;1;4;0;7;0;21.644166666666667;4
comfyanonymous/comfyui;7572;Update `filter_files_content_types` to support filtering 3d models;"Updates type, docstring, and unit tests for `filter_files_content_types` function of `folder_paths` module to support filtering 3d model files, as ComfyUI now supports 3D.

`fbx` is added to the mimetype cache manually, as .fbx (Filmbox) files aren't included in the standard MIME type databases on...";;2025-04-11T14:56:37+00:00;2025-04-12T22:30:40+00:00;2025-04-12T22:30:40+00:00;closed;True;2;2;24;6;0;2;31.5675;2
moment/moment;6241;misc: add libraries link to readme;"""moment"" is now considered a legacy project, I have prepared a pull request to update the documentation. 

This update includes recommendations for modern alternatives such as js-joda, date-fns, dayjs, and luxon. These libraries offer more up-to-date functionality and better performance for contem...";;2024-06-28T12:54:09+00:00;2024-07-13T06:23:26+00:00;;closed;False;1;1;1;1;2;0;353.48805555555555;4
gogs/gogs;7933;mod: bump golang.org/x/text from 0.21.0 to 0.22.0;"Bumps [golang.org/x/text](https://github.com/golang/text) from 0.21.0 to 0.22.0.
<details>
<summary>Commits</summary>
<ul>
<li><a href=""https://github.com/golang/text/commit/3b64043c9e8fa8cd61a019df17dc729630915fa9""><code>3b64043</code></a> go.mod: update golang.org/x dependencies</li>
<li><a href=""...";;2025-03-01T10:29:08+00:00;2025-03-05T04:11:08+00:00;2025-03-05T04:11:08+00:00;closed;True;1;2;6;4;0;0;89.7;2
tryghost/ghost;22865;Added Tinybird CD job;"ref https://linear.app/ghost/issue/PROD-217/figure-out-deployment-and-cicd-strategy-with-tinybird-forward

- Now that we've migrated our datafiles to the Tinybird Forward workspace, this CD job deploys the changes to our Tinybird files to the workspace so we can make changes to our workspace by pu...";;2025-04-10T22:05:37+00:00;2025-04-11T00:11:45+00:00;2025-04-11T00:11:45+00:00;closed;True;3;2;28;2;2;1;2.102222222222222;3
jekyll/jekyll;9805;Document the need for a `Gemfile` in deployment step of step-by-step walkthrough;"This is a 🔦 documentation change.

I've adjusted the documentation to include a note that Gemfile is already installed if the reader has completed step 1 in this tutorial. I thought it was kind of confusing to see instructions on adding a Gemfile when I had already done that step in the first part...";;2025-04-08T13:15:12+00:00;2025-04-08T16:15:23+00:00;2025-04-08T16:15:23+00:00;closed;True;4;1;2;2;0;4;3.003055555555556;2
stirling-tools/stirling-pdf;3342;Update 3rd Party Licenses;Auto-generated by StirlingBot;;2025-04-12T16:05:11+00:00;2025-04-12T17:20:10+00:00;2025-04-12T17:20:10+00:00;closed;True;1;1;1;1;0;0;1.2497222222222222;2
microsoft/web-dev-for-beginners;1372;docs: announce gen ai javascript;"# Description

- Changing text to announce Gen aI for JavaScript
- Adding images to make it extra compelling

Fixes # (issue)

## Type of change

- [ ] Bug fix (non-breaking change which fixes an issue)
- [ ] New feature (non-breaking change which adds functionality)
- [ ] Breaking change...";;2025-03-07T16:29:46+00:00;2025-03-10T20:27:28+00:00;2025-03-10T20:27:28+00:00;closed;True;17;3;21;6;0;14;75.96166666666667;4
ethereum/go-ethereum;31599;core/txpool: ensure `Add` respects the `sync` parameter if set;"closes https://github.com/ethereum/go-ethereum/issues/31554

This changes the legacy pool runloop which handles receiving resets/promotions and spins up reorg routines.  Now, every tx promotion request is tied to its own completion channel.  Requests are queued and closed at the end of next the re...";;2025-04-09T15:02:06+00:00;2025-04-12T02:37:16+00:00;;closed;False;1;2;38;19;2;0;59.58611111111111;2
geekan/metagpt;1728;example fix;"**Features**
<!-- Clear and direct description of the submit features. -->
<!-- If it's a bug fix, please also paste the issue link. -->

- di example fix
    
**Feature Docs**
<!-- The RFC, tutorial, or use cases about the feature if it's a pretty big update. If not, there is no need to fill...";;2025-02-28T08:17:34+00:00;2025-02-28T09:55:48+00:00;2025-02-28T09:55:48+00:00;closed;True;2;12;20;21;0;2;1.637222222222222;2
python/cpython;132463;[3.13] gh-131927: Prevent emitting optimizer warnings twice in the REPL (GH-131993);"(cherry picked from commit 3d08c8ad20dfabd4864be139cd9c2eb5602ccdfe)

<!-- gh-issue-number: gh-131927 -->
* Issue: gh-131927
<!-- /gh-issue-number -->
";;2025-04-13T07:16:20+00:00;2025-04-13T08:42:04+00:00;2025-04-13T08:42:04+00:00;closed;True;2;4;48;2;0;1;1.4288888888888889;2
public-apis/public-apis;4136;Update README.md;"Changed the url of APIXU application to the correct one because before it is was opening the Weatherstack API url.

<!-- Thank you for taking the time to work on a Pull Request for this project! -->
<!-- To ensure your PR is dealt with swiftly please check the following: -->
- [ ] My submission ...";;2025-02-08T16:15:51+00:00;2025-03-13T16:09:36+00:00;;closed;False;1;1;1;1;0;0;791.8958333333334;2
thealgorithms/java;6217;Bump org.junit:junit-bom from 5.12.1 to 5.12.2;"Bumps [org.junit:junit-bom](https://github.com/junit-team/junit5) from 5.12.1 to 5.12.2.
<details>
<summary>Release notes</summary>
<p><em>Sourced from <a href=""https://github.com/junit-team/junit5/releases"">org.junit:junit-bom's releases</a>.</em></p>
<blockquote>
<p>JUnit 5.12.2 = Platform 1.12.2 ...";;2025-04-11T21:28:40+00:00;2025-04-12T08:20:40+00:00;2025-04-12T08:20:40+00:00;closed;True;1;1;1;1;1;0;10.866666666666667;3
laurent22/joplin;12080;Completed Dutch (Belgium) translation;Completed the Dutch (Belgium) translation. ;;2025-04-09T21:29:21+00:00;2025-04-10T00:51:17+00:00;2025-04-10T00:51:17+00:00;closed;True;2;1;1020;1232;11;0;3.3655555555555554;3
axios/axios;6833;fix(buildFullPath): handle `allowAbsoluteUrls: false` without `baseURL`;"This PR fixes the logic in `buildFullPath` to properly handle the case where `allowAbsoluteUrls` is `false` and `baseURL` is `undefined`; currently, it throws a `TypeError`.

Resolves https://github.com/axios/axios/issues/6832.";;2025-03-14T17:11:10+00:00;2025-03-18T18:01:37+00:00;2025-03-18T18:01:37+00:00;closed;True;2;2;5;1;2;2;96.84083333333334;3
cypress-io/cypress;31489;chore: merge develop into release/15.0.0;"<!-- Thanks for contributing! PLEASE...
- Read our contributing guidelines: https://github.com/cypress-io/cypress/blob/develop/CONTRIBUTING.md 
- Read our Code Review Checklist on coding standards and what needs to be done before a PR can be merged: https://github.com/cypress-io/cypress/blob/devel...";;2025-04-11T17:29:11+00:00;2025-04-11T18:38:36+00:00;2025-04-11T18:38:35+00:00;closed;True;1;51;641;548;1;0;1.1569444444444446;3
microsoft/ml-for-beginners;789;Image Translations;updated image translations;;2025-02-14T06:09:20+00:00;2025-02-14T08:01:49+00:00;2025-02-14T08:01:49+00:00;closed;True;1;0;0;0;0;0;1.8747222222222224;2
ebookfoundation/free-programming-books;11860;Addition of Node.js Design Patterns;"## What does this PR do?
Add resource(s) 

## For resources
### Description
This PR adds the missing entry for the book Node.js Design Patterns to the list of recommended Node.js resources, as reported in issue #11836. This book is widely recognized in the Node.js community for its in-depth exp...";;2025-04-08T19:59:37+00:00;2025-04-10T03:49:23+00:00;;closed;False;1;2;3;2;2;1;31.829444444444444;3
marktext/marktext;3813;[i18n] Improve portuguese translation on the README;"<!-- Please change the Answers in the table below
     to reflect the contents of your pull request. -->

| Q                 | A
| ----------------- | ---
| Bug fix?          | no
| New feature?      | no
| Breaking changes? | no
| Deprecations?     | no
| New tests added?  | no
| Improve...";;2024-06-05T17:27:14+00:00;2024-06-10T15:31:27+00:00;2024-06-10T15:31:27+00:00;closed;True;1;1;15;15;0;0;118.07027777777778;2
fuellabs/sway;7074;forc call verbosity levels;"## Description

- Introduces verbosity levels for the `forc-call` command, replacing the `show-receipts` flag
  - Inspired by [`forge test` verbosity levels](https://book.getfoundry.sh/reference/forge/forge-test#evm-options); i.e. can specify `-v=1` or `-vv`, etc.
- Verbosity `v1` prints the fol...";;2025-04-08T23:58:02+00:00;2025-04-09T23:11:28+00:00;2025-04-09T23:11:28+00:00;closed;True;5;4;79;28;0;2;23.22388888888889;4
etcd-io/etcd;19738;K8s bump etcd version guide;"Clarified according to https://github.com/etcd-io/etcd/pull/19717#issuecomment-2789183940


Please read https://github.com/etcd-io/etcd/blob/main/CONTRIBUTING.md#contribution-flow.
";;2025-04-11T09:37:59+00:00;2025-04-12T12:29:51+00:00;2025-04-12T12:29:51+00:00;closed;True;4;1;2;0;7;3;26.864444444444445;5
scrapy/scrapy;6741;feat: Add test analytics;This PR sets up Codecov [Test Analytics](https://docs.codecov.com/docs/test-analytics), which enhances this project's existing Codecov coverage PR notification with details about failing, flaky, and slow tests. More details can be found [here](https://about.codecov.io/blog/find-failing-and-flaky-tes...;;2025-03-20T22:53:49+00:00;2025-03-21T11:28:48+00:00;2025-03-21T11:28:48+00:00;closed;True;1;5;17;4;2;0;12.583055555555555;4
microsoft/typescript;61523;Convert release publishing inputs into parameters;This seems to show up in the UI correctly. I'm hoping this is legal for the pipeline past that.;;2025-04-02T23:43:52+00:00;2025-04-04T19:22:19+00:00;2025-04-04T19:22:19+00:00;closed;True;3;1;19;5;0;0;43.64083333333333;2
github/gitignore;4606;Update ecu.test ignore up to 2025 1;"### Reasons for making this change

As the developers and product owners of [ecu.test](https://www.ecu-test.com/), we want to keep our  .gitignore template for all of our customers up-to-date.

### Links to documentation supporting these rule changes

There is no public documentation for these...";;2025-03-21T08:39:20+00:00;2025-03-21T15:47:39+00:00;2025-03-21T15:47:39+00:00;closed;True;3;1;14;10;1;0;7.138611111111112;4
topjohnwu/magisk;8928;Rename README.md to READM.E.md;;;2025-04-11T02:06:11+00:00;2025-04-11T05:26:23+00:00;;closed;False;1;1;0;0;0;0;3.3366666666666664;2
fatedier/frp;4666;Fix ports not being released on Service.Close();"### Description

`Service.Close()` leaves some listeners open after the `frps` server is closed, locking the ports until the entire program process is stopped. For CLI users of `frps`, this isn't an issue because the entire process stops when the server stops. But when using `frps` like a library,...";;2025-02-11T23:40:03+00:00;2025-02-12T03:28:31+00:00;2025-02-12T03:28:31+00:00;closed;True;2;1;35;9;0;0;3.807777777777778;3
toeverything/affine;11649;fix(editor): can not query in mobile at menu;"This PR addresses an issue where queries cannot be performed in the mobile menu, particularly on Android devices. The root cause was that the `event.key` of keypress returns 'Unidentified' on Android, which prevented proper query handling.

Changes made:
- Replaced the keydown event observer with a ...";;2025-04-12T18:43:25+00:00;2025-04-13T02:53:32+00:00;2025-04-13T02:53:32+00:00;closed;True;1;1;8;43;3;0;8.168611111111112;4
localstack/localstack;12514;APIGW: migrate TestInvokeMethod to NextGen;"<!-- Please refer to the contribution guidelines before raising a PR: https://github.com/localstack/localstack/blob/master/docs/CONTRIBUTING.md -->

<!-- Why am I raising this PR? Add context such as related issues, PRs, or documentation. -->
## Motivation
The `TestInvokeMethod` operation was st...";;2025-04-10T19:50:12+00:00;2025-04-11T19:14:36+00:00;2025-04-11T19:14:36+00:00;closed;True;3;10;390;189;1;9;23.406666666666663;3
minio/minio;21122;Fix buffered streams missing final entries ;"On buffered streams the final entries could be missing, if a lot are delivered when stream ends.

Fixes end-of-stream cancelling return of final entries by canceling with the StreamEOF error.

Backport.

## Types of changes
- [x] Bug fix (non-breaking change which fixes an issue)
";;2025-04-10T12:22:24+00:00;2025-04-10T15:29:20+00:00;2025-04-10T15:29:20+00:00;closed;True;1;1;1;2;0;0;3.1155555555555554;2
meilisearch/meilisearch;5492;make meilisearch accept cancelation tasks even when the disk is full;"# Pull Request

## Related issue
Fixes https://github.com/meilisearch/meilisearch/issues/5334

## What does this PR do?
- Let the task cancelation skip through the task queue usage check like we already do for the task deletion
- Update the test running of the full task queue to ensure we’re ...";;2025-04-03T13:51:12+00:00;2025-04-03T16:46:51+00:00;2025-04-03T16:46:51+00:00;closed;True;2;3;33;6;0;3;2.9275;3
openinterpreter/open-interpreter;1506;fix: relax starlette version requirement to resolve FastAPI conflict;"## Description
This PR addresses the dependency conflict between Starlette versions required by core dependencies and FastAPI server features by relaxing the version constraints in pyproject.toml.

### Changes Made
Modified `pyproject.toml` to update Starlette version requirement:
```diff
- st...";;2024-10-27T04:07:34+00:00;2024-10-28T17:37:19+00:00;2024-10-28T17:37:19+00:00;closed;True;1;1;1;1;1;0;37.49583333333333;3
tldr-pages/tldr;16166;gomi: add page;"<!--
Thank you for contributing!
Please fill in the following checklist, removing items that do not apply.
See also https://github.com/tldr-pages/tldr/blob/main/CONTRIBUTING.md
-->

- [x] The page(s) are in the correct platform directories: `common`, `linux`, `osx`, `windows`, `sunos`, `androi...";;2025-04-13T00:40:48+00:00;2025-04-13T16:16:41+00:00;2025-04-13T16:16:41+00:00;closed;True;8;1;21;0;2;17;15.598055555555556;3
yangshun/tech-interview-handbook;666;"[fix] update hyperlink for ""Open a pull request!"" on home page";This PR should close #665, I have changed the hyperlink for the text `Open a pull request!` specificially in [this file](https://github.com/yangshun/tech-interview-handbook/blob/main/apps/website/src/pages/index.js) from this [invalid link](https://github.com/yangshun/tech-interview-handbook/edit/ma...;;2024-10-06T09:43:34+00:00;2024-10-06T11:06:45+00:00;2024-10-06T11:06:45+00:00;closed;True;1;1;1;1;0;0;1.386388888888889;2
textualize/rich;3675;TTY_COMPATIBLE;"Implement new `TTY_COMPATIBLE` environment variable

@ofek @webknjaz @hugovk 

Relevant discussion: https://github.com/Textualize/rich/issues/2924
";;2025-03-28T11:39:03+00:00;2025-03-28T14:54:23+00:00;2025-03-28T14:54:23+00:00;closed;True;1;6;195;102;2;0;3.2555555555555555;4
mungell/awesome-for-beginners;1600;learning how to use open source tech stack;;;2025-04-03T20:05:30+00:00;2025-04-04T17:49:18+00:00;;closed;False;1;2;3;3;0;0;21.73;2
fuellabs/fuel-core;2943;fix(decompression): registry root calculation;"
## Linked Issues/PRs
<!-- List of related issues/PRs -->
errors found while building registry root calc in decompression game

## Description
<!-- List of detailed changes -->

## Checklist
- [ ] Breaking changes are clearly marked as such in the PR description and changelog
- [ ] New behavior is r...";;2025-04-10T13:14:10+00:00;2025-04-10T15:48:53+00:00;2025-04-10T15:48:53+00:00;closed;True;3;3;2;2;0;0;2.578611111111111;4
vuejs/awesome-vue;4219;Update README.md;"Added Spike Admin for Vue added

### `General`
> ✏️ Mark the necessary items without changing the structure of the PR template.

- [ ] Pull request template structure not broken

### `Type`

> ℹ️  What types of changes does your code introduce?

> 👉 _Put an `x` in the boxes that apply_
...";;2024-12-21T08:42:22+00:00;2024-12-23T10:19:48+00:00;;closed;False;1;1;1;0;1;0;49.62388888888889;2
mrdoob/three.js;30921;RenderTarget: Fix depth texture assignment regression.;"I fixed a small bug in RenderTarget.js. I corrected the usage of depthTexture assignment in the RenderTarget constructor. Now using the setter function again like in r174 and before. The setter ensure the correct _depthTexture assignment and proper renderTarget linkage.

Fixed #30895

A lot of c...";;2025-04-13T00:00:07+00:00;2025-04-13T08:30:28+00:00;2025-04-13T08:30:28+00:00;closed;True;1;1;2;1;2;0;8.505833333333333;3
yt-dlp/yt-dlp;12848;[utils] `url_or_none`: Support WebSocket URLs;"<!--
    **IMPORTANT**: PRs without the template will be CLOSED
    
    Due to the high volume of pull requests, it may be a while before your PR is reviewed.
    Please try to keep your pull request focused on a single bugfix or new feature.
    Pull requests with a vast scope and/or very lar...";;2025-04-06T08:55:24+00:00;2025-04-06T18:46:08+00:00;2025-04-06T18:46:08+00:00;closed;True;3;2;3;1;0;1;9.845555555555556;3
antonosika/gpt-engineer;1191;Usability improvements;"- Improvement mode toml filelist have to be in full-path sorted mode. 
  By using large project the current listing is ""mixed"" and very hard to use. 

- Increasing timeout value in chat_to_files finditer. 
  By using DeepSeek API with ""deepseek-coder"" model without this timeout increment the res...";;2024-07-23T19:58:16+00:00;2024-08-08T17:27:39+00:00;2024-08-08T17:27:39+00:00;closed;True;10;9;140;20;2;12;381.4897222222222;2
twbs/bootstrap;41355;Add no-spinners utility to remove input spinners;"Adds a new utility class .no-spinners to remove spinners
from number inputs. Includes visual test in tests/visual/no-spinners.html
and documentation in docs/5.3/utilities/misc.md. Implemented via
a separate _no-spinners.scss file due to utilities API limitations
with pseudo-elements like ::-webk...";;2025-04-07T18:05:16+00:00;2025-04-07T21:13:28+00:00;;closed;False;1;2;30;0;0;0;3.1366666666666667;2
pmndrs/zustand;3080;docs: update tutorial;"## Summary

Replaced setSquares with onPlay in the handleClick function of the Board component

## Check List

- [ ] `pnpm run fix` for formatting and linting code and docs
";;2025-04-11T19:14:37+00:00;2025-04-11T21:23:46+00:00;2025-04-11T21:23:46+00:00;closed;True;1;1;1;1;3;0;2.1525;5
